<sketch id="8189f5f7-1235-422a-9cf2-8f7bb0573807" time="1318008818397" xmlns:simpl="http://ecologylab.net/research/simplGuide/serialization/index.html"><shape id="00000000-b61f-415d-9288-da001c4abbb8" time="1318008818397"><stroke id="00000000-b491-415d-9288-da001aeacdf8" time="1318008818063" draw_color="#64" simpl:id="1022580389"><elem_stroke cap="2" width="2.0" miter_limit="10.0"/><point id="c84bd9ef-008d-4ae0-b2f9-3fd6f54b9965" time="1318008817965" x="515.0" y="233.0" simpl:id="-546141159"></point><point id="0ba77945-387c-44af-9727-cca35d5452cf" time="1318008817980" x="510.0" y="232.0" simpl:id="-546141150"></point><point id="0729ff49-95a9-4221-a9bb-a87677163b88" time="1318008817996" x="502.0" y="232.0" simpl:id="-546141142"></point><point id="0c5dc975-ccb8-4b24-8c9a-f04bc8a7ac7c" time="1318008818013" x="489.0" y="235.0" simpl:id="-546141135"></point><point id="03532233-f7f4-4a1f-8d94-837611abccbd" time="1318008818030" x="473.0" y="241.0" simpl:id="-546141128"></point><point id="0cb31863-4d36-4a00-951f-d901f99ebbe1" time="1318008818046" x="458.0" y="253.0" simpl:id="-546141115"></point><point id="384acf41-6a77-460a-a4fb-773625ac1309" time="1318008818063" x="447.0" y="267.0" simpl:id="-546141095"></point><parent id="7cab995c-78aa-4e15-a220-c67a563c2c7b" time="-1" simpl:id="-266519224"><point simpl:ref="-546141159"/><point simpl:ref="-546141150"/><point simpl:ref="-546141142"/><point simpl:ref="-546141135"/><point simpl:ref="-546141128"/><point simpl:ref="-546141115"/><point simpl:ref="-546141095"/><point id="1dce48a9-2f29-4815-9c2c-aa03013fb106" time="1318008818080" x="443.0" y="279.0" simpl:id="-546141070"></point><point id="45bf4231-d77c-45b6-b602-9bb3fcc7fd3e" time="1318008818097" x="443.0" y="288.0" simpl:id="-546141044"></point><point id="514893c3-0a66-4c80-a6a1-b06b974d411a" time="1318008818113" x="448.0" y="295.0" simpl:id="-546141016"></point><point id="9d3fd21d-8503-4a4f-a8c0-a554f546d30d" time="1318008818130" x="456.0" y="298.0" simpl:id="-546140988"></point><point id="4e7b257a-9618-42ac-b4c4-d2e952151707" time="1318008818147" x="471.0" y="299.0" simpl:id="-546140955"></point><point id="e0a4ce1c-108f-4469-a5df-f605a44348f0" time="1318008818163" x="491.0" y="299.0" simpl:id="-546140919"></point><point id="9170d18e-895e-4685-83eb-83518600daae" time="1318008818180" x="516.0" y="291.0" simpl:id="-546140885"></point><point id="9bf08c20-8500-4153-aea0-3b0c9e7ab669" time="1318008818197" x="540.0" y="280.0" simpl:id="-546140855"></point><point id="5216088d-ee8e-4f00-96e7-3029f40b847e" time="1318008818214" x="556.0" y="268.0" simpl:id="-546140834"></point><point id="80d7d649-fc7b-43af-9ed6-ee2341ca95e0" time="1318008818230" x="562.0" y="260.0" simpl:id="-546140820"></point><point id="62de0e03-268c-4c29-9a2a-0521776f251d" time="1318008818280" x="563.0" y="261.0" simpl:id="-546140768"></point><point id="5a523d9f-cc0d-4125-9dab-edcb88f02156" time="1318008818297" x="562.0" y="272.0" simpl:id="-546140741"></point><point id="404c1a8c-c1eb-44c4-8439-317ec9be7321" time="1318008818314" x="559.0" y="291.0" simpl:id="-546140708"></point><point id="f0e94194-0e7e-4c9a-b6f1-958fcaf3240e" time="1318008818330" x="555.0" y="316.0" simpl:id="-546140671"></point><point id="dac17eeb-3f46-485a-ae59-77f1a9cbfe8d" time="1318008818347" x="552.0" y="344.0" simpl:id="-546140629"></point><point id="8133c741-ed79-486c-801b-4b2c5b5f3a98" time="1318008818364" x="550.0" y="368.0" simpl:id="-546140590"></point><point id="ba1cde73-edbe-40c3-8cf4-9776eff3d069" time="1318008818381" x="549.0" y="381.0" simpl:id="-546140561"></point><point id="8b60ef5e-512e-4d2b-a52f-9808419bacae" time="1318008818397" x="549.0" y="384.0" simpl:id="-546140542"></point></parent></stroke><stroke id="00000000-b4d9-415d-9288-da001b05fee8" time="1318008818163" draw_color="#64" simpl:id="1028941237"><elem_stroke cap="2" width="2.0" miter_limit="10.0"/><point simpl:ref="-546141095"/><point simpl:ref="-546141070"/><point simpl:ref="-546141044"/><point simpl:ref="-546141016"/><point simpl:ref="-546140988"/><point simpl:ref="-546140955"/><point simpl:ref="-546140919"/><parent simpl:ref="-266519224"/></stroke><stroke id="00000000-b515-415d-9288-da001b17fc60" time="1318008818230" draw_color="#64" simpl:id="1015703357"><elem_stroke cap="2" width="2.0" miter_limit="10.0"/><point simpl:ref="-546140919"/><point simpl:ref="-546140885"/><point simpl:ref="-546140855"/><point simpl:ref="-546140834"/><point simpl:ref="-546140820"/><parent simpl:ref="-266519224"/></stroke><stroke id="00000000-b44d-415d-9288-da001ae24278" time="1318008818397" draw_color="#64" simpl:id="1009244453"><elem_stroke cap="2" width="2.0" miter_limit="10.0"/><point simpl:ref="-546140820"/><point simpl:ref="-546140768"/><point simpl:ref="-546140741"/><point simpl:ref="-546140708"/><point simpl:ref="-546140671"/><point simpl:ref="-546140629"/><point simpl:ref="-546140590"/><point simpl:ref="-546140561"/><point simpl:ref="-546140542"/><parent simpl:ref="-266519224"/></stroke><shape id="00000000-b5c2-415d-9288-da001bc3efe8" time="1318008818063"><attributes><attr key="Primitive" value="Primitive" simpl:id="338319758"/></attributes><stroke simpl:ref="1022580389"/><interpretations><interpretation label="line" confidence="1.0"/></interpretations></shape><shape id="00000000-b5c8-415d-9288-da001bc478a0" time="1318008818163"><attributes><attr simpl:ref="338319758"/></attributes><stroke simpl:ref="1028941237"/><interpretations><interpretation label="line" confidence="1.0"/></interpretations></shape><shape id="00000000-b5ce-415d-9288-da001bc4e600" time="1318008818230"><attributes><attr simpl:ref="338319758"/></attributes><stroke simpl:ref="1015703357"/><interpretations><interpretation label="line" confidence="1.0"/></interpretations></shape><shape id="00000000-b5d4-415d-9288-da001bc543c0" time="1318008818397"><attributes><attr simpl:ref="338319758"/></attributes><stroke simpl:ref="1009244453"/><interpretations><interpretation label="line" confidence="1.0"/></interpretations></shape><interpretations><interpretation label="scribble" confidence="1.0"/></interpretations></shape></sketch>