<sketch id="aa0bfefc-6e32-4c94-b22e-9861056764da" time="1355894361531" xmlns:simpl="http://ecologylab.net/research/simplGuide/serialization/index.html"><shape id="ace3534a-8394-4bfd-b312-d48b18954f6d" time="1355894351440"><attributes><attr key="Primitive" value="Primitive" simpl:id="338319758"/></attributes><stroke id="ebe00fe8-840e-4a7d-91af-399f8f1524e1" time="1355894351440"><elem_stroke cap="2" width="3.0" miter_limit="10.0"></elem_stroke><point id="2a338667-6f00-4c5a-abdb-cebe996d00d4" time="1355894350722" x="245.0" y="329.0"></point><point id="87a587c3-5ff0-42cf-bf10-bfd662ac0220" time="1355894350837" x="246.0" y="328.0"></point><point id="c14e804b-31cd-42bb-8f8e-e912c661989e" time="1355894351155" x="246.0" y="330.0"></point><point id="2c667e41-b212-431a-8ce3-6f5dc0c344cc" time="1355894351171" x="244.0" y="342.0"></point><point id="77dc0762-cf2d-4449-966d-1dd3bb12b49d" time="1355894351191" x="243.0" y="358.0"></point><point id="8f41d971-b19c-4714-9f6e-8516c8328f0c" time="1355894351205" x="240.0" y="383.0"></point><point id="b66d8c0f-8e1c-4439-a557-e9d286eae8af" time="1355894351238" x="239.0" y="422.0"></point><point id="3b4ed41b-b185-4046-9fab-bac7616c6325" time="1355894351255" x="237.0" y="446.0"></point><point id="f81e4281-43a0-4a30-a4f6-0a9256b7eae6" time="1355894351272" x="235.0" y="478.0"></point><point id="4ec2cd25-b285-45a5-b4b8-bc2dffb9085d" time="1355894351305" x="226.0" y="531.0"></point><point id="25fdb12d-d4f3-44f0-914b-1438e54c2327" time="1355894351323" x="224.0" y="559.0"></point><point id="a35a3ad8-6baf-4824-90f0-ac2c07515630" time="1355894351355" x="222.0" y="581.0"></point><point id="8685e5af-be87-41ae-9b70-705f1c2eb4c0" time="1355894351372" x="220.0" y="585.0"></point><point id="00d1a477-201d-4f13-9cb3-acec194acb65" time="1355894351440" x="219.0" y="586.0"></point></stroke><interpretations><interpretation label="line" confidence="1.0"/></interpretations></shape><shape id="c76ab523-d6b1-4a1b-bdb3-dad218c9a171" time="1355894361531"><attributes><attr simpl:ref="338319758"/></attributes><stroke id="adfa7e4a-8feb-4248-a44c-eb1116cbfb41" time="1355894361531"><elem_stroke cap="2" width="3.0" miter_limit="10.0"></elem_stroke><point id="9de58114-e81f-4982-a6a6-00177420a08e" time="1355894361494" x="331.0" y="215.0"></point><point id="a2239b32-2e28-47cb-8928-baabdfef74f4" time="1355894361514" x="329.0" y="216.0"></point><point id="f676d686-975c-4c48-8a79-ba1912604212" time="1355894361531" x="328.0" y="213.0"></point></stroke><interpretations><interpretation label="line" confidence="1.0"/></interpretations></shape></sketch>