<sketch id="8a5b3e85-fb8c-49d0-ac2b-5d4e3031cb07" time="1336242315735" xmlns:simpl="http://ecologylab.net/research/simplGuide/serialization/index.html"><shape id="13174426-269f-46cd-a93f-03f239aac72f" time="1336242315735"><attributes><attr key="Primitive" value="Primitive" simpl:id="338319758"/></attributes><stroke id="66ae1992-65e7-43bc-827b-42977d60454d" time="1336242315735" draw_color="#64" simpl:id="-61710860"><elem_stroke cap="2" width="2.0" miter_limit="10.0"/><point id="fd638ed1-097d-42bb-ba00-c79bde2e93ba" time="1336256530753" x="55.0" y="173.0"></point><point id="985dbee3-c63e-4d1d-a172-a7d8c870598c" time="1336256530753" x="69.0" y="257.0"></point><point id="e2447e9a-c501-4dfd-a188-84ec0d64f130" time="1336256530753" x="68.0" y="287.0"></point><point id="dc616866-6d38-4533-9aa4-309ff0644cfe" time="1336256530753" x="68.0" y="294.0"></point><point id="94d4296f-c87d-4dcb-95b0-a19c5150a807" time="1336256530753" x="68.0" y="302.0"></point><point id="bdc58c3e-4001-4655-bf9a-0db4b3aa13d7" time="1336256530753" x="69.0" y="309.0"></point><point id="5e290350-faca-4b4d-a96b-11eafd38b147" time="1336256530753" x="70.0" y="317.0"></point><point id="0d1bb980-2ddc-4b76-b89f-dfa4c83954db" time="1336256530753" x="70.0" y="326.0"></point><point id="23c5213c-ed74-4ea7-93f1-4a10f30397c3" time="1336256530753" x="70.0" y="329.0"></point><point id="ab063d19-a584-42e5-833d-1397e7e5b2e2" time="1336256530753" x="69.0" y="335.0"></point><point id="084a97cb-5298-417e-a366-afbd6fd70aac" time="1336256530753" x="68.0" y="338.0"></point><point id="6a74e494-be5b-4617-9105-abf17578fa2f" time="1336256530753" x="68.0" y="339.0"></point><point id="bff53b73-523c-4f95-afe2-5d2512824544" time="1336256530753" x="68.0" y="341.0"></point><point id="4f612693-c22a-4da0-81d5-39292f2c3642" time="1336256530753" x="68.0" y="344.0"></point></stroke><interpretations><interpretation label="line" confidence="1.0"/></interpretations></shape><shape id="00000000-4248-4b18-928b-563c1a2c9d50" time="1336242315735"><attributes><attr simpl:ref="338319758"/></attributes><stroke simpl:ref="-61710860"/><interpretations><interpretation label="line" confidence="1.0"/></interpretations></shape></sketch>