<sketch id="ea3b7e4a-f5d5-4a23-8691-bbd7fcfc6902" time="1318008791938" xmlns:simpl="http://ecologylab.net/research/simplGuide/serialization/index.html"><shape id="00000000-4d8e-4f63-9288-84b335c5c918" time="1318008791938"><attributes><attr key="Primitive" value="Primitive"/></attributes><stroke id="976c1767-a0b7-4978-ac9f-068e283a4f29" time="1318008791938" draw_color="#64"><elem_stroke cap="2" width="2.0" miter_limit="10.0"/><point id="21bc2a6e-3a62-487c-b18e-d6ef0b17ed9c" time="1318008791741" x="492.0" y="245.0"></point><point id="03fabbb3-0f68-4d37-853f-cf909eb67037" time="1318008791804" x="492.0" y="249.0"></point><point id="bdaa3ef2-65ac-43fd-b4dc-34cafad92c49" time="1318008791821" x="490.0" y="262.0"></point><point id="16dcec2b-76fe-445d-9945-7c7f8076c45f" time="1318008791838" x="483.0" y="282.0"></point><point id="bc1ea018-4e85-450c-a546-8128fa739cd9" time="1318008791854" x="474.0" y="308.0"></point><point id="2409a2ee-1472-4a49-a91d-a48df6301579" time="1318008791871" x="464.0" y="331.0"></point><point id="527ce3d7-9fbd-48e1-8751-987228f9a944" time="1318008791888" x="456.0" y="350.0"></point><point id="a8c90559-d738-4f19-b79b-db1a90f38c42" time="1318008791904" x="452.0" y="362.0"></point><point id="d8a3c8a5-88c2-4e94-8b6a-4d63eb7d417f" time="1318008791921" x="451.0" y="367.0"></point><point id="dd9245af-df81-48c0-9562-045f27fa3a17" time="1318008791938" x="450.0" y="368.0"></point></stroke><interpretations><interpretation label="line" confidence="1.0"/></interpretations></shape></sketch>