<sketch id="8d747e6b-0e34-4ac6-ba4d-cdb29f942c55" time="1318008787528" xmlns:simpl="http://ecologylab.net/research/simplGuide/serialization/index.html"><shape id="00000000-53f0-40ec-9288-88d941364af0" time="1318008787528"><stroke id="00000000-52b8-40ec-9288-88d940421b38" time="1318008787261" draw_color="#64" simpl:id="-2139958515"><elem_stroke cap="2" width="2.0" miter_limit="10.0"/><point id="be1c94f0-c56c-43a2-95a4-65b4017cc8d0" time="1318008787132" x="379.0" y="199.0" simpl:id="-546172162"></point><point id="bd260ed0-b311-4e86-b7c7-583deba6ceb6" time="1318008787194" x="382.0" y="199.0" simpl:id="-546172097"></point><point id="523a9f79-d5c0-4b88-b121-843c2e321d67" time="1318008787210" x="390.0" y="198.0" simpl:id="-546172074"></point><point id="daa7ae5d-6b4d-4305-8314-4015918bd88d" time="1318008787227" x="404.0" y="198.0" simpl:id="-546172043"></point><point id="a1c4b80e-e6d0-4cc4-9750-e0ebe77a4264" time="1318008787244" x="419.0" y="200.0" simpl:id="-546172009"></point><point id="9596f71c-e8c3-4066-b91d-d47e001f96d3" time="1318008787261" x="432.0" y="208.0" simpl:id="-546171971"></point><parent id="af7bc35c-78ec-4df4-a3f9-c4f0c655d22a" time="-1" simpl:id="-1304717198"><point simpl:ref="-546172162"/><point simpl:ref="-546172097"/><point simpl:ref="-546172074"/><point simpl:ref="-546172043"/><point simpl:ref="-546172009"/><point simpl:ref="-546171971"/><point id="e0a171c8-9858-423e-9908-012e86adf312" time="1318008787277" x="439.0" y="221.0" simpl:id="-546171935"></point><point id="e376422e-ef7d-4960-b97e-e0ff77eddd5b" time="1318008787294" x="440.0" y="238.0" simpl:id="-546171900"></point><point id="05e12dc1-a72d-4b61-ab72-a2ba205a970d" time="1318008787311" x="438.0" y="253.0" simpl:id="-546171870"></point><point id="1c67ae51-d85c-4ede-8beb-861ddb0d90f9" time="1318008787327" x="429.0" y="268.0" simpl:id="-546171848"></point><point id="4ccab5da-4190-41b8-ae52-31a5879fe122" time="1318008787344" x="418.0" y="281.0" simpl:id="-546171829"></point><point id="2c803580-f781-4c79-8ea5-51b31893baa5" time="1318008787361" x="406.0" y="293.0" simpl:id="-546171812"></point><point id="82d4069a-d288-4e02-9d6a-746e96711bcf" time="1318008787377" x="398.0" y="298.0" simpl:id="-546171799"></point><point id="61f3fc42-6274-4811-ade5-e7ae6d9654e9" time="1318008787394" x="394.0" y="300.0" simpl:id="-546171784"></point><point id="99e514fe-5fb4-419e-84f0-9891903c2a32" time="1318008787444" x="399.0" y="300.0" simpl:id="-546171729"></point><point id="52bed3a2-3aab-4950-b2b9-a09d90b947f5" time="1318008787461" x="423.0" y="301.0" simpl:id="-546171687"></point><point id="8b2b30ad-e698-4553-bd1c-b012c76de8f8" time="1318008787478" x="456.0" y="305.0" simpl:id="-546171633"></point><point id="f6078330-553e-4efb-9978-2cd8a1bf67ea" time="1318008787494" x="488.0" y="308.0" simpl:id="-546171582"></point><point id="d2a8e0cb-1304-4eac-a9be-06719162f2f2" time="1318008787511" x="509.0" y="311.0" simpl:id="-546171541"></point><point id="e06d33f8-12a9-4a8c-a508-6a875c917db7" time="1318008787528" x="525.0" y="312.0" simpl:id="-546171507"></point></parent></stroke><stroke id="00000000-52b9-40ec-9288-88d940424248" time="1318008787311" draw_color="#64" simpl:id="-2139911555"><elem_stroke cap="2" width="2.0" miter_limit="10.0"/><point simpl:ref="-546171971"/><point simpl:ref="-546171935"/><point simpl:ref="-546171900"/><point simpl:ref="-546171870"/><parent simpl:ref="-1304717198"/></stroke><stroke id="00000000-52ba-40ec-9288-88d9404255d0" time="1318008787394" draw_color="#64" simpl:id="-2140103195"><elem_stroke cap="2" width="2.0" miter_limit="10.0"/><point simpl:ref="-546171870"/><point simpl:ref="-546171848"/><point simpl:ref="-546171829"/><point simpl:ref="-546171812"/><point simpl:ref="-546171799"/><point simpl:ref="-546171784"/><parent simpl:ref="-1304717198"/></stroke><stroke id="00000000-52bb-40ec-9288-88d940427128" time="1318008787528" draw_color="#64" simpl:id="-2140030691"><elem_stroke cap="2" width="2.0" miter_limit="10.0"/><point simpl:ref="-546171784"/><point simpl:ref="-546171729"/><point simpl:ref="-546171687"/><point simpl:ref="-546171633"/><point simpl:ref="-546171582"/><point simpl:ref="-546171541"/><point simpl:ref="-546171507"/><parent simpl:ref="-1304717198"/></stroke><shape id="00000000-539d-40ec-9288-88d94092fe40" time="1318008787261"><attributes><attr key="Primitive" value="Primitive" simpl:id="338319758"/></attributes><stroke simpl:ref="-2139958515"/><interpretations><interpretation label="line" confidence="1.0"/></interpretations></shape><shape id="00000000-53a3-40ec-9288-88d94093b1f0" time="1318008787311"><attributes><attr simpl:ref="338319758"/></attributes><stroke simpl:ref="-2139911555"/><interpretations><interpretation label="line" confidence="1.0"/></interpretations></shape><shape id="00000000-53a9-40ec-9288-88d9409436c0" time="1318008787394"><attributes><attr simpl:ref="338319758"/></attributes><stroke simpl:ref="-2140103195"/><interpretations><interpretation label="line" confidence="1.0"/></interpretations></shape><shape id="00000000-53af-40ec-9288-88d94094dad0" time="1318008787528"><attributes><attr simpl:ref="338319758"/></attributes><stroke simpl:ref="-2140030691"/><interpretations><interpretation label="line" confidence="1.0"/></interpretations></shape><interpretations><interpretation label="scribble" confidence="1.0"/></interpretations></shape></sketch>