<sketch id="f646be53-b5af-4ecf-8499-81f26eed1c73" time="1318008800390" xmlns:simpl="http://ecologylab.net/research/simplGuide/serialization/index.html"><shape id="00000000-5cc5-40ec-9288-88dc28cff0f8" time="1318008800390"><stroke id="00000000-5b88-40ec-9288-88dc27d69508" time="1318008800089" draw_color="#64" simpl:id="-287941320"><elem_stroke cap="2" width="2.0" miter_limit="10.0"/><point id="142156a5-0021-49a9-9714-55df710c505c" time="1318008800029" x="409.0" y="230.0" simpl:id="-546159204"></point><point id="2ab6fac2-decc-4660-90fa-96993d2ca93f" time="1318008800039" x="411.0" y="228.0" simpl:id="-546159194"></point><point id="42ba5e45-d293-44aa-8eb2-64180ca01faf" time="1318008800056" x="422.0" y="227.0" simpl:id="-546159167"></point><point id="e2f25af6-04c5-4946-8ede-1a8d7a4098da" time="1318008800073" x="437.0" y="227.0" simpl:id="-546159135"></point><point id="1f0f735b-6924-42bf-ba4b-f6994338bef3" time="1318008800089" x="455.0" y="230.0" simpl:id="-546159098"></point><parent id="77c15b98-5fc0-4f09-985f-fcd937b49b95" time="-1" simpl:id="-2014678051"><point simpl:ref="-546159204"/><point simpl:ref="-546159194"/><point simpl:ref="-546159167"/><point simpl:ref="-546159135"/><point simpl:ref="-546159098"/><point id="15b7b730-0233-4902-99ad-a8061293a5d2" time="1318008800106" x="472.0" y="239.0" simpl:id="-546159055"></point><point id="983d67ba-1caa-4b48-a7c7-4f183eeb3fad" time="1318008800123" x="484.0" y="253.0" simpl:id="-546159012"></point><point id="2627400f-ee8a-4ecb-bd6a-8087c9f21b33" time="1318008800140" x="489.0" y="270.0" simpl:id="-546158973"></point><point id="b91d37ed-c588-45dd-bce6-5dfa7449ccf9" time="1318008800156" x="490.0" y="288.0" simpl:id="-546158938"></point><point id="a2b07a76-dd4d-42d6-a698-28340c9ba97f" time="1318008800173" x="484.0" y="307.0" simpl:id="-546158908"></point><point id="c5b59f1c-a870-4021-b053-59b148ccae8f" time="1318008800190" x="471.0" y="326.0" simpl:id="-546158885"></point><point id="98772b13-d2b7-41d5-8725-cd82e7b1c56d" time="1318008800206" x="455.0" y="340.0" simpl:id="-546158871"></point><point id="27ab7137-6252-4af5-aa26-a2e6f3abf35d" time="1318008800223" x="445.0" y="346.0" simpl:id="-546158858"></point><point id="3f580bf8-a439-448c-9faa-2fea85143b89" time="1318008800240" x="442.0" y="348.0" simpl:id="-546158842"></point><point id="b8e7e442-c618-41c4-a678-31954064fa68" time="1318008800290" x="443.0" y="348.0" simpl:id="-546158791"></point><point id="35530918-3a39-4d4d-ab32-7c2e24b724c8" time="1318008800307" x="447.0" y="348.0" simpl:id="-546158770"></point><point id="85fed20b-dedd-47c0-94e5-5a28e4a4cf11" time="1318008800323" x="461.0" y="348.0" simpl:id="-546158740"></point><point id="194fe628-5c2d-4b42-9c52-03e8de974fef" time="1318008800340" x="486.0" y="349.0" simpl:id="-546158697"></point><point id="47ec8f5d-54f5-4129-9194-5db35eb5700f" time="1318008800357" x="515.0" y="351.0" simpl:id="-546158649"></point><point id="3aa7428e-6f25-4eaa-9805-7e075d32d7a6" time="1318008800373" x="538.0" y="353.0" simpl:id="-546158608"></point><point id="8db59927-cf92-413b-8d77-abe4effc383f" time="1318008800390" x="553.0" y="356.0" simpl:id="-546158573"></point></parent></stroke><stroke id="00000000-5b89-40ec-9288-88dc27d6b830" time="1318008800140" draw_color="#64" simpl:id="-287870976"><elem_stroke cap="2" width="2.0" miter_limit="10.0"/><point simpl:ref="-546159098"/><point simpl:ref="-546159055"/><point simpl:ref="-546159012"/><point simpl:ref="-546158973"/><parent simpl:ref="-2014678051"/></stroke><stroke id="00000000-5b8a-40ec-9288-88dc27d6cbb8" time="1318008800240" draw_color="#64" simpl:id="-288095352"><elem_stroke cap="2" width="2.0" miter_limit="10.0"/><point simpl:ref="-546158973"/><point simpl:ref="-546158938"/><point simpl:ref="-546158908"/><point simpl:ref="-546158885"/><point simpl:ref="-546158871"/><point simpl:ref="-546158858"/><point simpl:ref="-546158842"/><parent simpl:ref="-2014678051"/></stroke><stroke id="00000000-5b8b-40ec-9288-88dc27d6eaf8" time="1318008800390" draw_color="#64" simpl:id="-288021816"><elem_stroke cap="2" width="2.0" miter_limit="10.0"/><point simpl:ref="-546158842"/><point simpl:ref="-546158791"/><point simpl:ref="-546158770"/><point simpl:ref="-546158740"/><point simpl:ref="-546158697"/><point simpl:ref="-546158649"/><point simpl:ref="-546158608"/><point simpl:ref="-546158573"/><parent simpl:ref="-2014678051"/></stroke><shape id="00000000-5c70-40ec-9288-88dc282ca060" time="1318008800089"><attributes><attr key="Primitive" value="Primitive" simpl:id="338319758"/></attributes><stroke simpl:ref="-287941320"/><interpretations><interpretation label="line" confidence="1.0"/></interpretations></shape><shape id="00000000-5c76-40ec-9288-88dc282d4c40" time="1318008800140"><attributes><attr simpl:ref="338319758"/></attributes><stroke simpl:ref="-287870976"/><interpretations><interpretation label="line" confidence="1.0"/></interpretations></shape><shape id="00000000-5c7c-40ec-9288-88dc282dd4f8" time="1318008800240"><attributes><attr simpl:ref="338319758"/></attributes><stroke simpl:ref="-288095352"/><interpretations><interpretation label="line" confidence="1.0"/></interpretations></shape><shape id="00000000-5c82-40ec-9288-88dc282e88a8" time="1318008800390"><attributes><attr simpl:ref="338319758"/></attributes><stroke simpl:ref="-288021816"/><interpretations><interpretation label="line" confidence="1.0"/></interpretations></shape><interpretations><interpretation label="scribble" confidence="1.0"/></interpretations></shape></sketch>