<sketch id="f8260c6b-3f87-4a0e-a4ae-e264f75caadc" time="1318008802445" xmlns:simpl="http://ecologylab.net/research/simplGuide/serialization/index.html"><shape id="00000000-66ee-40ec-9288-88dec589d998" time="1318008802177"><attributes><attr key="Primitive" value="Primitive" simpl:id="338319758"/></attributes><stroke id="00000000-6651-40ec-9288-88dec551ba68" time="1318008802177" draw_color="#64"><elem_stroke cap="2" width="2.0" miter_limit="10.0"/><point id="d212554f-220f-4728-a841-93b90bf7c7f2" time="1335467779917" x="368.0" y="203.0" simpl:id="-267048568"></point><point id="ac187b77-233e-444d-b1c7-412fee507c95" time="1335467779917" x="369.0" y="203.0" simpl:id="-267048567"></point><point id="932565b0-7e60-4b3c-8d5d-70688a34d7d3" time="1335467779917" x="376.0" y="202.0" simpl:id="-267048561"></point><point id="8449304a-e83e-4db1-9faf-389fe5d7636c" time="1335467779917" x="389.0" y="202.0" simpl:id="-267048548"></point><point id="1790ce49-4881-4d63-8090-1629bed14c96" time="1335467779917" x="399.0" y="206.0" simpl:id="-267048534"></point><point id="6d831fe6-04de-40ca-beaa-239757399d49" time="1335467779917" x="405.0" y="212.0" simpl:id="-267048522"></point><point id="317e33b7-cb4e-41a7-ae7d-204474badbe6" time="1335467779917" x="408.0" y="221.0" simpl:id="-267048510"></point><point id="a03a19f9-4838-45ef-9017-ee1f156a1ea4" time="1335467779917" x="408.0" y="235.0" simpl:id="-267048496"></point><parent id="62db5593-1740-4d19-a1e2-f3dd5efe18a7" time="-1" simpl:id="-1970801680"><point simpl:ref="-267048568"/><point simpl:ref="-267048567"/><point simpl:ref="-267048561"/><point simpl:ref="-267048548"/><point simpl:ref="-267048534"/><point simpl:ref="-267048522"/><point simpl:ref="-267048510"/><point simpl:ref="-267048496"/><point id="1049bfc0-4d1a-4c1c-a314-9c9c1132cd08" time="1335467779917" x="402.0" y="251.0" simpl:id="-267048486"></point><point id="4ec65d7d-f89c-4982-961e-9533d98b85fe" time="1335467779917" x="390.0" y="267.0" simpl:id="-267048482"></point><point id="ca9c57ad-4b96-4f18-8483-b97efa1fae24" time="1335467779917" x="373.0" y="282.0" simpl:id="-267048484"></point><point id="e9ba1ec8-de47-4a7b-b27b-4cd3d8b8b30f" time="1335467779917" x="354.0" y="294.0" simpl:id="-267048491"></point><point id="f8aea1bc-15fe-4434-9ed9-a7e7df607bc4" time="1335467779917" x="338.0" y="302.0" simpl:id="-267048499"></point><point id="e775f6d1-335b-41ea-9fba-e161af6ba0ab" time="1335467779917" x="332.0" y="305.0" simpl:id="-267048502"></point><point id="253d17b6-c750-45a2-971b-aeee30111326" time="1335467779917" x="333.0" y="305.0" simpl:id="-267048501"></point><point id="8dbd68d8-6060-4381-817e-3e49ae1deba3" time="1318008802344" x="339.0" y="304.0" simpl:id="-546156885"></point><point id="b0d5ae28-f6c9-4433-a7e5-525e5b00e435" time="1318008802361" x="353.0" y="304.0" simpl:id="-546156854"></point><point id="14648228-842b-4f19-b0af-93ef2a722c07" time="1318008802378" x="375.0" y="307.0" simpl:id="-546156812"></point><point id="3c8e0ac7-2cdf-4575-b8b3-e0c1221670a4" time="1318008802395" x="407.0" y="311.0" simpl:id="-546156759"></point><point id="09cb29fe-60f9-420a-9a73-5cae0faf2e4a" time="1318008802411" x="437.0" y="314.0" simpl:id="-546156710"></point><point id="ea7e5225-ff19-4307-b14c-e531051fd683" time="1318008802428" x="458.0" y="317.0" simpl:id="-546156669"></point><point id="06d7cad6-8ad1-41a1-acda-382923a086c6" time="1318008802445" x="473.0" y="319.0" simpl:id="-546156635"></point></parent></stroke><interpretations><interpretation label="line" confidence="1.0"/></interpretations></shape><shape id="00000000-66f4-40ec-9288-88dec58a9518" time="1318008802328"><attributes><attr simpl:ref="338319758"/></attributes><stroke id="00000000-6677-40ec-9288-88dec5604ce0" time="1318008802328" draw_color="#64"><elem_stroke cap="2" width="2.0" miter_limit="10.0"/><point simpl:ref="-267048496"/><point simpl:ref="-267048486"/><point simpl:ref="-267048482"/><point simpl:ref="-267048484"/><point simpl:ref="-267048491"/><point simpl:ref="-267048499"/><point simpl:ref="-267048502"/><point simpl:ref="-267048501"/><parent simpl:ref="-1970801680"/></stroke><interpretations><interpretation label="line" confidence="1.0"/></interpretations></shape><shape id="00000000-66fa-40ec-9288-88dec58b4cb0" time="1318008802445"><attributes><attr simpl:ref="338319758"/></attributes><stroke id="00000000-6609-40ec-9288-88dec53ccef0" time="1318008802445" draw_color="#64"><elem_stroke cap="2" width="2.0" miter_limit="10.0"/><point simpl:ref="-267048501"/><point simpl:ref="-546156885"/><point simpl:ref="-546156854"/><point simpl:ref="-546156812"/><point simpl:ref="-546156759"/><point simpl:ref="-546156710"/><point simpl:ref="-546156669"/><point simpl:ref="-546156635"/><parent simpl:ref="-1970801680"/></stroke><interpretations><interpretation label="line" confidence="1.0"/></interpretations></shape></sketch>