<sketch id="9c568405-f4a9-4824-8c7f-be3c46e66cfa" time="1355893896409" xmlns:simpl="http://ecologylab.net/research/simplGuide/serialization/index.html"><shape id="7b383d20-16a4-4eff-a931-743c3cf258b3" time="1355893895342"><attributes><attr key="Closed" value="true"/><attr key="Primitive" value="Primitive" simpl:id="338319758"/></attributes><stroke id="671bc640-7d4f-4c81-b747-6cd9620cf262" time="1355893895342"><elem_stroke cap="2" width="3.0" miter_limit="10.0"></elem_stroke><point id="0864dfdf-7a02-43b3-add7-1d60c881d223" time="1355893895342" x="603.0" y="353.0"></point></stroke><interpretations><interpretation label="dot" confidence="1.0"/></interpretations></shape><shape id="e8805418-78bc-4e58-9b0b-d7fe23532c8c" time="1355893896409"><attributes><attr simpl:ref="338319758"/></attributes><stroke id="bc33e014-82ae-4984-aba7-c29031147c0c" time="1355893896409"><elem_stroke cap="2" width="3.0" miter_limit="10.0"></elem_stroke><point id="f2bcb1c2-8fcf-4dac-9290-08cdf6e57e30" time="1355893895417" x="604.0" y="352.0"></point><point id="51af8543-fbed-4f49-a5bb-b21bb921968a" time="1355893896008" x="603.0" y="353.0"></point><point id="cd314de1-90c6-4dff-9e43-1dcfdee8521b" time="1355893896038" x="597.0" y="359.0"></point><point id="2788b22f-72e3-498f-85ae-8d4a370e8bdf" time="1355893896057" x="576.0" y="378.0"></point><point id="2377a7b2-0816-444c-8324-e7ea46d70605" time="1355893896090" x="564.0" y="388.0"></point><point id="8be7cbf4-6cf4-4323-ae72-ea8db9429956" time="1355893896108" x="561.0" y="390.0"></point><point id="2f6f5838-0619-4643-b2de-07befd34db59" time="1355893896141" x="550.0" y="401.0"></point><point id="8033ae1e-a41a-4c3c-8c45-4d6fb17f5062" time="1355893896175" x="536.0" y="416.0"></point><point id="0b07476c-6f86-446e-b4f7-6191eb7aeeb8" time="1355893896208" x="532.0" y="421.0"></point><point id="5e626a73-cd72-4c03-8145-926e627a0391" time="1355893896241" x="528.0" y="424.0"></point><point id="f674ea22-6e1b-4cda-94b0-c3a93e3a445d" time="1355893896292" x="527.0" y="427.0"></point><point id="ba3bde2a-0eb7-4ef7-8a47-da81c88cdbe0" time="1355893896342" x="527.0" y="428.0"></point><point id="4a91f2e9-d06e-4627-988e-4e2baa00573d" time="1355893896375" x="526.0" y="429.0"></point><point id="6e8dbfd0-983c-4114-a88c-63374f3a7a45" time="1355893896409" x="526.0" y="430.0"></point></stroke><interpretations><interpretation label="line" confidence="1.0"/></interpretations></shape></sketch>