<sketch id="625833c9-10e4-449f-8a02-aaf1563853c1" time="1318008753267" xmlns:simpl="http://ecologylab.net/research/simplGuide/serialization/index.html"><shape id="00000000-93ee-4003-9288-daeabb903e38" time="1318008753267"><stroke id="00000000-9312-4003-9288-daeabab09c38" time="1318008753017" draw_color="#64" simpl:id="-1154873647"><elem_stroke cap="2" width="2.0" miter_limit="10.0"/><point id="b3c87c4e-ef91-4131-b102-f0b206b6f2d7" time="1318008752843" x="434.0" y="213.0" simpl:id="-546206382"></point><point id="ae2c0973-70ce-4e75-ad24-598d8f22635b" time="1318008752883" x="434.0" y="214.0" simpl:id="-546206341"></point><point id="3bde54dc-039a-4ab1-961d-df9d2313d633" time="1318008752900" x="429.0" y="218.0" simpl:id="-546206325"></point><point id="7f88a3c6-60d7-4885-84f8-85d15c92fe59" time="1318008752917" x="419.0" y="229.0" simpl:id="-546206307"></point><point id="6260b25c-cb82-4a7d-8d55-94cea861c9c5" time="1318008752933" x="410.0" y="243.0" simpl:id="-546206286"></point><point id="a1bd68f4-254a-4e25-99d8-ee3f04b15ce6" time="1318008752950" x="403.0" y="259.0" simpl:id="-546206260"></point><point id="611db72c-2b75-4664-9113-2d0ffad3f21c" time="1318008752967" x="400.0" y="274.0" simpl:id="-546206231"></point><point id="b7729b01-196b-49f4-9ff6-72c43b887cbb" time="1318008752983" x="399.0" y="287.0" simpl:id="-546206203"></point><point id="f8afa478-d491-4499-af7b-5ef2b54bdc4d" time="1318008753000" x="399.0" y="299.0" simpl:id="-546206174"></point><point id="e7a8ec28-da35-4b4c-8241-c82a481a4c31" time="1318008753017" x="402.0" y="309.0" simpl:id="-546206144"></point><parent id="0551aef3-216b-4061-8016-c8aac975854f" time="-1" simpl:id="1834591095"><point simpl:ref="-546206382"/><point simpl:ref="-546206341"/><point simpl:ref="-546206325"/><point simpl:ref="-546206307"/><point simpl:ref="-546206286"/><point simpl:ref="-546206260"/><point simpl:ref="-546206231"/><point simpl:ref="-546206203"/><point simpl:ref="-546206174"/><point simpl:ref="-546206144"/><point id="ce32a165-15a1-45f7-b856-0baa35e7cc61" time="1318008753033" x="411.0" y="318.0" simpl:id="-546206110"></point><point id="87ad8bdc-806f-4bd0-9e33-e165ee50dde4" time="1318008753050" x="421.0" y="324.0" simpl:id="-546206077"></point><point id="64a1d1d5-f7e3-496d-81fe-3684aeca4cd0" time="1318008753067" x="435.0" y="325.0" simpl:id="-546206045"></point><point id="e8a71541-ff4f-4ca0-b56c-2cdfd2ca0f6b" time="1318008753084" x="451.0" y="323.0" simpl:id="-546206014"></point><point id="1a15b636-30c2-4585-9625-3d0ceaad5d25" time="1318008753100" x="468.0" y="316.0" simpl:id="-546205988"></point><point id="7a8b5d69-6981-4543-8b95-d5a6c1bf35b5" time="1318008753117" x="480.0" y="309.0" simpl:id="-546205966"></point><point id="8baa320c-57aa-47ad-a549-cda35193244c" time="1318008753134" x="486.0" y="298.0" simpl:id="-546205954"></point><point id="0141c873-766c-41a6-953f-73289f961f90" time="1318008753150" x="489.0" y="284.0" simpl:id="-546205949"></point><point id="1131583f-ccde-4300-89e3-d86db3c85892" time="1318008753167" x="488.0" y="267.0" simpl:id="-546205950"></point><point id="c5f01339-a140-41a4-9a6b-6f6ec082aee2" time="1318008753184" x="480.0" y="249.0" simpl:id="-546205959"></point><point id="d46ecfb6-eaf4-4f4e-b949-e6d14dee8d66" time="1318008753201" x="468.0" y="236.0" simpl:id="-546205967"></point><point id="4625f125-c78e-4f92-bb38-7c2927009f23" time="1318008753217" x="455.0" y="225.0" simpl:id="-546205975"></point><point id="e68bfe91-0fd4-4022-90b1-9943da59b2ba" time="1318008753234" x="444.0" y="218.0" simpl:id="-546205976"></point><point id="ed6926b6-ed5c-46bf-88d1-c4ea6b105217" time="1318008753251" x="439.0" y="215.0" simpl:id="-546205967,1"></point><point id="535f754d-802d-4e9a-a852-68c025bbb66f" time="1318008753267" x="438.0" y="215.0" simpl:id="-546205952"></point></parent></stroke><stroke id="00000000-9281-4003-9288-daeaba8fba40" time="1318008753117" draw_color="#64" simpl:id="-1165614935"><elem_stroke cap="2" width="2.0" miter_limit="10.0"/><point simpl:ref="-546206144"/><point simpl:ref="-546206110"/><point simpl:ref="-546206077"/><point simpl:ref="-546206045"/><point simpl:ref="-546206014"/><point simpl:ref="-546205988"/><point simpl:ref="-546205966"/><parent simpl:ref="1834591095"/></stroke><stroke id="00000000-9282-4003-9288-daeaba8fd980" time="1318008753184" draw_color="#64" simpl:id="-1165671575"><elem_stroke cap="2" width="2.0" miter_limit="10.0"/><point simpl:ref="-546205966"/><point simpl:ref="-546205954"/><point simpl:ref="-546205949"/><point simpl:ref="-546205950"/><point simpl:ref="-546205959"/><parent simpl:ref="1834591095"/></stroke><stroke id="00000000-9283-4003-9288-daeaba8ff0f0" time="1318008753267" draw_color="#64" simpl:id="-1165727207"><elem_stroke cap="2" width="2.0" miter_limit="10.0"/><point simpl:ref="-546205959"/><point simpl:ref="-546205967"/><point simpl:ref="-546205975"/><point simpl:ref="-546205976"/><point simpl:ref="-546205967,1"/><point simpl:ref="-546205952"/><parent simpl:ref="1834591095"/></stroke><shape id="00000000-9393-4003-9288-daeabad6c1d8" time="1318008753017"><attributes><attr key="Primitive" value="Primitive" simpl:id="338319758"/></attributes><stroke simpl:ref="-1154873647"/><interpretations><interpretation label="line" confidence="1.0"/></interpretations></shape><shape id="00000000-9399-4003-9288-daeabad76db8" time="1318008753117"><attributes><attr simpl:ref="338319758"/></attributes><stroke simpl:ref="-1165614935"/><interpretations><interpretation label="line" confidence="1.0"/></interpretations></shape><shape id="00000000-939f-4003-9288-daeabad7eea0" time="1318008753184"><attributes><attr simpl:ref="338319758"/></attributes><stroke simpl:ref="-1165671575"/><interpretations><interpretation label="line" confidence="1.0"/></interpretations></shape><shape id="00000000-93a5-4003-9288-daeabad85fe8" time="1318008753267"><attributes><attr simpl:ref="338319758"/></attributes><stroke simpl:ref="-1165727207"/><interpretations><interpretation label="line" confidence="1.0"/></interpretations></shape><interpretations><interpretation label="scribble" confidence="1.0"/></interpretations></shape></sketch>