<sketch id="fc6ee273-f650-4dcf-91b1-7d8346145f47" time="1348939220862" xmlns:simpl="http://ecologylab.net/research/simplGuide/serialization/index.html"><stroke id="19778674-602e-449a-a4ab-0de3dfa4f95d" time="1348939220862" simpl:id="39204432"><elem_stroke cap="2" width="3.0" miter_limit="10.0"></elem_stroke><point id="111fbb84-d68a-4130-a14d-ba7cfaa1d807" time="1348939220504" x="346.0" y="417.0"></point><point id="2001ebfb-b4a9-49b8-b5e7-ee40dffe62bb" time="1348939220535" x="345.0" y="498.0"></point><point id="1243a2b6-b49e-4d55-aefd-fa57a39eb00e" time="1348939220675" x="364.0" y="618.0"></point><point id="595320f7-afda-4e26-b9b8-c415ad95a135" time="1348939220706" x="366.0" y="621.0"></point><point id="5d9583bc-6fca-4804-8adb-72cbd81b97a5" time="1348939220722" x="366.0" y="624.0"></point><point id="adbe8d4f-409a-43f7-9983-34cc5e5bc1ce" time="1348939220769" x="367.0" y="627.0"></point><point id="a17bbbac-21dc-4da8-a4f9-b90645ac6a8b" time="1348939220784" x="367.0" y="628.0"></point><point id="eb3ecc5c-ef90-4000-8bca-430953e65fb3" time="1348939220816" x="368.0" y="630.0"></point><point id="9679cec3-c466-4d3e-b311-886e7a7b522e" time="1348939220862" x="368.0" y="633.0"></point></stroke><shape id="835758ba-5391-4164-aabb-f660af174597" time="1348939220862"><attributes><attr key="Primitive" value="Primitive"/></attributes><stroke simpl:ref="39204432"/><interpretations><interpretation label="line" confidence="1.0"/></interpretations></shape></sketch>