<?xml version="1.0" encoding="UTF-8"?><sketch id="b2591faf-56a9-4a49-9d43-489ab70e7730" time="1335639515844"><stroke id="c1b8bfb5-bd9a-4718-93b4-df04a2ba200b" time="1335639512463"><elem_stroke cap="2" width="3.0" miter_limit="10.0"></elem_stroke><point id="7cad1260-9bd9-4f8d-adf2-b8b604aaa4fd" time="1335639512463" x="433.0" y="20.0"></point></stroke><stroke id="f6343606-cb79-42ba-a379-4dfe0efa0db7" time="1335639512543"><elem_stroke cap="2" width="3.0" miter_limit="10.0"></elem_stroke><point id="83b8b2e4-df96-49bd-8792-234ff0c66338" time="1335639512543" x="433.0" y="20.0"></point></stroke><stroke id="ca7051f8-0a7d-4c09-833d-2b9407eea93c" time="1335639512991"><elem_stroke cap="2" width="3.0" miter_limit="10.0"></elem_stroke><point id="9f1e4292-14c2-47ab-a83b-4e09126bddb7" time="1335639512991" x="380.0" y="284.0"></point></stroke><stroke id="b85cc4e2-9c5a-4f96-b59e-4ed46d1204b4" time="1335639513314"><elem_stroke cap="2" width="3.0" miter_limit="10.0"></elem_stroke><point id="7ce6b333-800b-40c0-8e7a-ddd4120a2aae" time="1335639513314" x="446.0" y="263.0"></point></stroke><stroke id="41462ee4-f2e4-4df1-a2c6-51ca84657e55" time="1335639513714"><elem_stroke cap="2" width="3.0" miter_limit="10.0"></elem_stroke><point id="7cfe9373-5981-4421-91f9-aa88adfeb35b" time="1335639513714" x="436.0" y="401.0"></point></stroke><stroke id="36d6084d-939b-48ee-b199-c7d912843f81" time="1335639514054"><elem_stroke cap="2" width="3.0" miter_limit="10.0"></elem_stroke><point id="102597ea-a38a-4e02-bb5c-1766bfd57a6b" time="1335639514054" x="473.0" y="645.0"></point></stroke><stroke id="5173ff65-4bb9-4be2-9acb-817d83f196b9" time="1335639514484"><elem_stroke cap="2" width="3.0" miter_limit="10.0"></elem_stroke><point id="7a4f87c6-5188-4ef7-8eba-7abe0f6dcac5" time="1335639514484" x="530.0" y="578.0"></point><point id="e4c8613e-9271-4ff7-bfa9-e0d7b52b2b5b" time="1335639514484" x="511.0" y="606.0"></point></stroke><stroke id="b858787a-efe5-47c9-8414-e737ecd03c7a" time="1335639514854"><elem_stroke cap="2" width="3.0" miter_limit="10.0"></elem_stroke><point id="72d6ab73-3bd2-4c3a-b9d2-cd6777eff5f9" time="1335639514854" x="495.0" y="509.0"></point></stroke><stroke id="c8278350-c82b-4b90-af74-7ce737232b36" time="1335639515844"><elem_stroke cap="2" width="3.0" miter_limit="10.0"></elem_stroke><point id="a6ac7e69-fc6e-411e-b52b-759962ca5e46" time="1335639515844" x="609.0" y="515.0"></point></stroke></sketch>