<?xml version="1.0" encoding="UTF-8"?><sketch id="ff397cc9-8a21-4bbe-a2cd-abf67d80fdde" time="1335828166262"><stroke id="f8c46b65-bda9-481b-9cf1-8850570e7bd8" time="1335828166202"><elem_stroke cap="2" width="3.0" miter_limit="10.0"></elem_stroke><point id="e211b4c1-4c36-458d-adf4-f9eb08519e15" time="1335828166202" x="222.0" y="200.0"></point></stroke><stroke id="94aa5bc4-8fb7-49ef-a250-f667f00bc60b" time="1335828166262"><elem_stroke cap="2" width="3.0" miter_limit="10.0"></elem_stroke><point id="464c59b0-7f33-4dfc-bddf-1622e21f5120" time="1335828166262" x="222.0" y="200.0"></point></stroke></sketch>